"Name","Length","EffectiveLength","TPM","NumReads","MGI_symbol_manual","Gene_name_manual","MGI_symbol_bm","Gene_name_bm"
"ENSMUSG00000062705",856,703.4,92697.051,1867449.31,"Tpbpb","Tpbpb","Tpbpb","Tpbpb"
"ENSMUSG00000033834",1321,874.24,77031.719,1928753.69,"Tpbpa","Tpbpa","Tpbpa","Tpbpa"
"ENSMUSG00000006490",942,733.74,40563.533,852423,"Prl8a9","Prl8a9","Prl8a9","Prl8a9"
"ENSMUSG00000038891",878,797.28,34309.22,783428,"Prl3b1","Prl3b1","Prl3b1","Prl3b1"
"ENSMUSG00000044258",745,645.09,27743.861,512581.17,"Ctla2a","Ctla2a","Ctla2a","Ctla2a"
"ENSMUSG00000021345",872,652.62,20379.638,380923,"Prl8a6","Prl8a6","Prl8a6","Prl8a6"
"ENSMUSG00000052305",622,496.77,20215.592,287620.36,"Hbb-bs","Hbb-bs","Hbb-bs","Hbb-bs"
"ENSMUSG00000040713",915,778.89,14343.239,319963,"Creg1","Creg1","Creg1","Creg1"
"ENSMUSG00000030368",1054,979.66,13740.034,385516,"Ceacam11","Ceacam11","Ceacam11","Ceacam11"
"ENSMUSG00000030366",1062,967.88,13203.998,366020,"Ceacam12","Ceacam12","Ceacam12","Ceacam12"
"ENSMUSG00000069258",870,719.59,12304.869,253594,"Prl2b1","Prl2b1","Prl2b1","Prl2b1"
"ENSMUSG00000023185",1109,1030.73,11332.498,334541,"Ceacam14","Ceacam14","Ceacam14","Ceacam14"
"ENSMUSG00000046899",1277,653.21,10522.064,196849,"Prl7a2","Prl7a2","Prl7a2","Prl7a2"
"ENSMUSG00000021439",1356,1217.75,10392.989,362473,"Ctsq","Ctsq","Ctsq","Ctsq"
"ENSMUSG00000021346",979,719.69,9644.274,198789,"Prl8a8","Prl8a8","Prl8a8","Prl8a8"
"ENSMUSG00000055298",1396,1302.22,9296.449,346722,"Ctsj","Ctsj","Ctsj","Ctsj"
"ENSMUSG00000049775",767,620.35,8218.285,146015,"Tmsb4x","Tmsb4x","Tmsb4x","Tmsb4x"
"ENSMUSG00000066760",1670,1631.39,6485.826,303042.07,"Psg16","Psg16","Psg16","Psg16"
"ENSMUSG00000093674",481,341.96,6438.379,63055.84,"Rpl41","Rpl41","Rpl41","Rpl41"
"ENSMUSG00000074129",551,414.46,6015.704,71408.58,"Rpl13a","Rpl13a","Rpl13a","Rpl13a"
"ENSMUSG00000025290",587,472.79,6015.671,81457.14,"Rps24","Rps24","Rps24","Rps24"
"ENSMUSG00000057195",1001,918.28,5975.993,157168,"Ceacam13","Ceacam13","Ceacam13","Ceacam13"
"ENSMUSG00000079523",567,422.37,5673.58,68632.39,"Tmsb10","Tmsb10","Tmsb10","Tmsb10"
"ENSMUSG00000090733",345,215.15,4953.741,30524.68,"Rps27","Rps27","Rps27","Rps27"
"ENSMUSG00000024608",597,468.79,4330.532,58143.72,"Rps14","Rps14","Rps14","Rps14"
"ENSMUSG00000060126",909,714.58,4198.115,85917.39,"Tpt1","Tpt1","Tpt1","Tpt1"
"ENSMUSG00000074870",1293,1179.44,3850.198,130058.68,"Cts3","Cts3","Cts3","Cts3"
"ENSMUSG00000067038",494,366.24,3826.462,40136.19,"Rps12-ps3","Rps12-ps3","Rps12-ps3","Rps12-ps3"
"ENSMUSG00000074359",2179,2204.82,3822.971,241408.71,"Psg23","Psg23","Psg23","Psg23"
"ENSMUSG00000009927",545,423.57,3687.679,44736.27,"Rps25","Rps25","Rps25","Rps25"
"ENSMUSG00000062006",488,360.31,3679.064,37966.06,"Rpl34","Rpl34","Rpl34","Rpl34"
"ENSMUSG00000086583",998,925.14,3617.855,95860.39,"Gm15500","Gm15500","Gm15500","Gm15500"
"ENSMUSG00000037742",1608,1519.07,3617.195,157372.63,"Eef1a1","Eef1a1","Eef1a1","Eef1a1"
"ENSMUSG00000055360",846,673.19,3395.997,65475.82,"Prl2c5","Prl2c5","Prl2c5","Prl2c5"
"ENSMUSG00000008668",555,432.01,3254.229,40264.61,"Rps18","Rps18","Rps18","Rps18"
"ENSMUSG00000018259",929,743.98,3229.669,68817,"Prl8a2","Prl8a2","Prl8a2","Prl8a2"
"ENSMUSG00000069917",554,408.43,3198.879,37419.11,"Hba-a2","Hba-a2","Hba-a2","Hba-a2"
"ENSMUSG00000056457",842,651.77,3038.185,56713.38,"Prl2c3","Prl2c3","Prl2c3","Prl2c3"
"ENSMUSG00000001025",521,393.84,2892.476,32626,"S100a6","S100a6","S100a6","S100a6"
"ENSMUSG00000047215",739,642.56,2865.792,52739.78,"Rpl9","Rpl9","Rpl9","Rpl9"
"ENSMUSG00000084319",519,379.48,2801.612,30449.33,"Tpt1-ps3","Tpt1-ps3","Tpt1-ps3","Tpt1-ps3"
"ENSMUSG00000039001",397,255.51,2732.175,19993.83,"Rps21","Rps21","Rps21","Rps21"
"ENSMUSG00000074871",1544,1241.19,2727.765,96967.2,"Ctsm","Ctsm","Ctsm","Ctsm"
"ENSMUSG00000038580",516,354.09,2726.088,27646,"Sct","Sct","Sct","Sct"
"ENSMUSG00000060636",494,371.19,2677.535,28464.77,"Rpl35a","Rpl35a","Rpl35a","Rpl35a"
"ENSMUSG00000057841",521,405.03,2672.005,30995.85,"Rpl32","Rpl32","Rpl32","Rpl32"
"ENSMUSG00000040952",590,453.92,2632.714,34226.78,"Rps19","Rps19","Rps19","Rps19"
"ENSMUSG00000062328",775,673.11,2586.799,49868.91,"Rpl17","Rpl17","Rpl17","Rpl17"
"ENSMUSG00000038274",534,383.12,2581.265,28323.73,"Fau","Fau","Fau","Fau"
"ENSMUSG00000060938",527,411.76,2554.488,30125.21,"Rpl26","Rpl26","Rpl26","Rpl26"
"ENSMUSG00000070796",2059,2022.8,2436.795,141172.92,"Psg21","Psg21","Psg21","Psg21"
"ENSMUSG00000060419",441,311.54,2428.547,21669.05,"Rps16-ps2","Rps16-ps2","Rps16-ps2","Rps16-ps2"
"ENSMUSG00000114432",1109,989.75,2259.263,64043.01,"Gm49391","Gm49391","Gm49391","Gm49391"
"ENSMUSG00000073940",703,588.45,2226.655,37526.64,"Hbb-bt","Hbb-bt","Hbb-bt","Hbb-bt"
"ENSMUSG00000063457",503,360.42,2185.968,22564.56,"Rps15","Rps15","Rps15","Rps15"
"ENSMUSG00000050621",374,243.2,2177.74,15168.47,"Rps27rt","Rps27rt","Rps27rt","Rps27rt"
"ENSMUSG00000038883",1316,1157.8,2174.172,72095,"Prl3a1","Prl3a1","Prl3a1","Prl3a1"
"ENSMUSG00000101111",783,611.69,2164.581,37921.37,"Gm28437","Gm28437","Gm28437","Gm28437"
"ENSMUSG00000017404",736,618.33,2050.106,36306,"Rpl19","Rpl19","Rpl19","Rpl19"
"ENSMUSG00000057863",383,227.66,2023.54,13193.8,"Rpl36","Rpl36","Rpl36","Rpl36"
"ENSMUSG00000067870",378,250.32,2010.62,14414.61,"Rpl31-ps8","Rpl31-ps8","Rpl31-ps8","Rpl31-ps8"
"ENSMUSG00000009281",754,646.65,1982.542,36717,"Rarres2","Rarres2","Rarres2","Rarres2"
"ENSMUSG00000008683",510,396.88,1957.445,22250.09,"Rps15a","Rps15a","Rps15a","Rps15a"
"ENSMUSG00000100755",425,299.5,1901.432,16309.97,"Rps23-ps1","Rps23-ps1","Rps23-ps1","Rps23-ps1"
"ENSMUSG00000069682",635,508.31,1896.97,27616.38,"Gm10275","Gm10275","Gm10275","Gm10275"
"ENSMUSG00000007892",499,348.17,1890.175,18848.24,"Rplp1","Rplp1","Rplp1","Rplp1"
"ENSMUSG00000057036",444,313.27,1869.832,16776.41,"Gm7536","Gm7536","Gm7536","Gm7536"
"ENSMUSG00000029322",743,587.05,1866.543,31383,"Plac8","Plac8","Plac8","Plac8"
"ENSMUSG00000020372",1119,1038.98,1860.929,55375,"Rack1","Rack1","Rack1","Rack1"
"ENSMUSG00000030744",1123,1044.61,1835.015,54899.95,"Rps3","Rps3","Rps3","Rps3"
"ENSMUSG00000020460",735,617.45,1834.016,32432.56,"Rps27a","Rps27a","Rps27a","Rps27a"
"ENSMUSG00000021441",1356,1235.71,1815.649,64258,"Cts6","Cts6","Cts6","Cts6"
"ENSMUSG00000061787",495,368.77,1780.22,18802.11,"Rps17","Rps17","Rps17","Rps17"
"ENSMUSG00000062997",525,368.51,1778.556,18771.18,"Rpl35","Rpl35","Rpl35","Rpl35"
"ENSMUSG00000047675",721,588.94,1735.139,29267.23,"Rps8","Rps8","Rps8","Rps8"
"ENSMUSG00000037563",610,486.55,1720.871,23980.22,"Rps16","Rps16","Rps16","Rps16"
"ENSMUSG00000005054",603,478.45,1686.42,23109,"Cstb","Cstb","Cstb","Cstb"
"ENSMUSG00000025967",732,615.61,1683.086,29674.83,"Eef1b2","Eef1b2","Eef1b2","Eef1b2"
"ENSMUSG00000078193",445,316.47,1673.297,15166.24,"Gm2000","Gm2000","Gm2000","Gm2000"
"ENSMUSG00000102070",681,470.28,1574.087,21201.19,"Gm28661","Gm28661","Gm28661","Gm28661"
"ENSMUSG00000100862",678,411.77,1558.723,18382.58,"Gm10925","Gm10925","Gm10925","Gm10925"
"ENSMUSG00000052146",575,414.35,1508.53,17902.03,"Rps10","Rps10","Rps10","Rps10"
"ENSMUSG00000068048",890,782.79,1492.851,33468.62,"Rhox9","Rhox9","Rhox9","Rhox9"
"ENSMUSG00000071528",367,228.89,1485.699,9739.31,"Atp5md","Atp5md","Atp5md","Atp5md"
"ENSMUSG00000090136",444,304.15,1481.588,12905.98,"Gm10177","Gm10177","Gm10177","Gm10177"
"ENSMUSG00000082035",621,513.82,1450.064,21339.27,"Rpl17-ps8","Rpl17-ps8","Rpl17-ps8","Rpl17-ps8"
"ENSMUSG00000069919",671,534.39,1439.957,22038.89,"Hba-a1","Hba-a1","Hba-a1","Hba-a1"
"ENSMUSG00000071866",636,503.26,1365.901,19687.44,"Ppia","Ppia","Ppia","Ppia"
"ENSMUSG00000079092",805,623.5,1354.823,24193.46,"Prl2c2","Prl2c2","Prl2c2","Prl2c2"
"ENSMUSG00000062456",714,614.53,1353.125,23815.51,"Rpl9-ps6","Rpl9-ps6","Rpl9-ps6","Rpl9-ps6"
"ENSMUSG00000067274",1197,1067.74,1343.409,41082.04,"Rplp0","Rplp0","Rplp0","Rplp0"
"ENSMUSG00000075706",791,647.75,1333.371,24736.51,"Gpx4","Gpx4","Gpx4","Gpx4"
"ENSMUSG00000064351",1545,1366,1324.804,51830.04,"mt-Co1","mt-Co1","mt-Co1","mt-Co1"
"ENSMUSG00000040808",480,360.34,1307.522,13494,"S100g","S100g","S100g","S100g"
"ENSMUSG00000003429",657,540.88,1307.246,20250.66,"Rps11","Rps11","Rps11","Rps11"
"ENSMUSG00000055093",471,351.49,1282.147,12907.12,"Rps27a-ps3","Rps27a-ps3","Rps27a-ps3","Rps27a-ps3"
"ENSMUSG00000063882",548,434.94,1271.599,15839.94,"Uqcrh","Uqcrh","Uqcrh","Uqcrh"
"ENSMUSG00000068240",504,371.85,1268.583,13510.2,"Gm11808","Gm11808","Gm11808","Gm11808"
"ENSMUSG00000006333",740,617.86,1261.317,22319.92,"Rps9","Rps9","Rps9","Rps9"
"ENSMUSG00000115783",168,47.91,1249.96,1715,"Bc1","Bc1","Bc1","Bc1"
"ENSMUSG00000020077",964,680.9,1229.623,23979,"Srgn","Srgn","Srgn","Srgn"
"ENSMUSG00000030373",1949,1937.6,1223.817,67914.18,"Psg28","Psg28","Psg28","Psg28"
"ENSMUSG00000064358",784,612.66,1176.033,20635.63,"mt-Co3","mt-Co3","mt-Co3","mt-Co3"
"ENSMUSG00000061477",890,760.95,1173.539,25575.98,"Rps7","Rps7","Rps7","Rps7"
"ENSMUSG00000035530",728,603.48,1164.133,20120.89,"Eif1","Eif1","Eif1","Eif1"
"ENSMUSG00000058443",768,665.58,1162.407,22158.22,"Rpl10-ps3","Rpl10-ps3","Rpl10-ps3","Rpl10-ps3"
"ENSMUSG00000064356",204,73.68,1142.097,2410,"mt-Atp8","mt-Atp8","mt-Atp8","mt-Atp8"
"ENSMUSG00000057322",368,232.29,1137.369,7566.67,"Rpl38","Rpl38","Rpl38","Rpl38"
"ENSMUSG00000034892",390,247.17,1123.996,7956.85,"Rps29","Rps29","Rps29","Rps29"
"ENSMUSG00000046330",559,403.82,1111.049,12849.81,"Rpl37a","Rpl37a","Rpl37a","Rpl37a"
"ENSMUSG00000050299",402,253.57,1094.566,7949.27,"Gm9843","Gm9843","Gm9843","Gm9843"
"ENSMUSG00000002014",795,667.76,1080.634,20667,"Ssr4","Ssr4","Ssr4","Ssr4"
"ENSMUSG00000095597",585,471.72,1067.96,14428.24,"Rps7-ps3","Rps7-ps3","Rps7-ps3","Rps7-ps3"
"ENSMUSG00000039221",536,339.98,1063.177,10352.37,"Rpl22l1","Rpl22l1","Rpl22l1","Rpl22l1"
"ENSMUSG00000090862",594,467.98,1059.443,14199.83,"Rps13","Rps13","Rps13","Rps13"
"ENSMUSG00000006200",1010,921.37,1041.005,27470.38,"Rhox6","Rhox6","Rhox6","Rhox6"
"ENSMUSG00000025351",1093,928.63,1040.089,27662.6,"Cd63","Cd63","Cd63","Cd63"
"ENSMUSG00000028965",1786,1626.26,1016.583,47349,"Tnfrsf9","Tnfrsf9","Tnfrsf9","Tnfrsf9"
"ENSMUSG00000016252",427,287.6,1006.681,8292,"Atp5e","Atp5e","Atp5e","Atp5e"
"ENSMUSG00000073702",612,490.85,998.322,14034.66,"Rpl31","Rpl31","Rpl31","Rpl31"
"ENSMUSG00000026385",563,449.46,979.271,12606,"Dbi","Dbi","Dbi","Dbi"
"ENSMUSG00000001289",568,452.52,974.794,12633.69,"Pfdn5","Pfdn5","Pfdn5","Pfdn5"
"ENSMUSG00000101249",492,344.64,971.062,9584.92,"Gm29216","Gm29216","Gm29216","Gm29216"
"ENSMUSG00000036781",501,334.75,970.015,9299.95,"Rps27l","Rps27l","Rps27l","Rps27l"
"ENSMUSG00000064339",1582,930.55,969.705,25844,"mt-Rnr2","mt-Rnr2","mt-Rnr2","mt-Rnr2"
"ENSMUSG00000098274",660,554.8,961.082,15271.33,"Rpl24","Rpl24","Rpl24","Rpl24"
"ENSMUSG00000028081",977,891.2,947.151,24175.39,"Rps3a1","Rps3a1","Rps3a1","Rps3a1"
"ENSMUSG00000028936",479,357.53,943.328,9659.52,"Rpl22","Rpl22","Rpl22","Rpl22"
"ENSMUSG00000063856",854,720.27,942.418,19441,"Gpx1","Gpx1","Gpx1","Gpx1"
"ENSMUSG00000072940",210,78.39,942.056,2115.02,"Gm10443","Gm10443","Gm10443","Gm10443"
"ENSMUSG00000012848",779,662.67,932.864,17705,"Rps5","Rps5","Rps5","Rps5"
"ENSMUSG00000031818",735,604.78,924.299,16010,"Cox4i1","Cox4i1","Cox4i1","Cox4i1"
"ENSMUSG00000061983",581,446.64,923.266,11810.4,"Rps12","Rps12","Rps12","Rps12"
"ENSMUSG00000022886",884,780.22,918.074,20515,"Prl2a1","Prl2a1","Prl2a1","Prl2a1"
"ENSMUSG00000090841",689,579.12,914.987,15176.09,"Myl6","Myl6","Myl6","Myl6"
"ENSMUSG00000070797",1942,1944.95,906.491,50495.3,"Psg27","Psg27","Psg27","Psg27"
"ENSMUSG00000041959",685,568.94,883.785,14401,"S100a10","S100a10","S100a10","S100a10"
"ENSMUSG00000056054",486,349.02,879.351,8790,"S100a8","S100a8","S100a8","S100a8"
"ENSMUSG00000068220",784,678.8,872.99,16972,"Lgals1","Lgals1","Lgals1","Lgals1"
"ENSMUSG00000079641",609,463.35,868.45,11524.72,"Rpl39","Rpl39","Rpl39","Rpl39"
"ENSMUSG00000064360",348,146,858.452,3589.61,"mt-Nd3","mt-Nd3","mt-Nd3","mt-Nd3"
"ENSMUSG00000059291",753,635.46,857.057,15598.29,"Rpl11","Rpl11","Rpl11","Rpl11"
"ENSMUSG00000025508",560,418.36,854.485,10238.4,"Rplp2","Rplp2","Rplp2","Rplp2"
"ENSMUSG00000081049",402,275.82,853.657,6743.52,"Rps24-ps3","Rps24-ps3","Rps24-ps3","Rps24-ps3"
"ENSMUSG00000021348",1066,756.75,845.269,18320.02,"Prl7d1","Prl7d1","Prl7d1","Prl7d1"
"ENSMUSG00000064357",681,413.22,843.146,9978.42,"mt-Atp6","mt-Atp6","mt-Atp6","mt-Atp6"
"ENSMUSG00000073616",441,312.51,839.843,7517,"Cops9","Cops9","Cops9","Cops9"
"ENSMUSG00000024661",922,779.82,837.588,18706.99,"Fth1","Fth1","Fth1","Fth1"
"ENSMUSG00000025130",2361,2273.4,837.278,54516,"P4hb","P4hb","P4hb","P4hb"
"ENSMUSG00000085114",547,434.96,832.278,10368,"1600025M17Rik","1600025M17Rik","1600025M17Rik","1600025M17Rik"
"ENSMUSG00000037072",1257,1004.69,828.505,23840,"Selenof","Selenof","Selenof","Selenof"
"ENSMUSG00000050708",961,817.47,822.056,19246.51,"Ftl1","Ftl1","Ftl1","Ftl1"
"ENSMUSG00000003505",1535,1506.88,817.415,35277.64,"Psg18","Psg18","Psg18","Psg18"
"ENSMUSG00000020267",636,496.29,807.306,11475,"Hint1","Hint1","Hint1","Hint1"
"ENSMUSG00000029632",609,414.29,798.623,9476,"Ndufa4","Ndufa4","Ndufa4","Ndufa4"
"ENSMUSG00000047661",2475,2304.16,796.851,52585.78,"1600012P17Rik","1600012P17Rik","1600012P17Rik","1600012P17Rik"
"ENSMUSG00000020857",841,691.93,790.587,15667.22,"Nme2","Nme2","Nme2","Nme2"
"ENSMUSG00000044894",506,368.05,786.917,8295,"Uqcrq","Uqcrq","Uqcrq","Uqcrq"
"ENSMUSG00000046056",745,621.78,782.16,13928.61,"Sbsn","Sbsn","Sbsn","Sbsn"
"ENSMUSG00000070343",537,414,776.227,9203.89,"Gm10288","Gm10288","Gm10288","Gm10288"
"ENSMUSG00000043716",1093,1009.34,775.636,22421.87,"Rpl7","Rpl7","Rpl7","Rpl7"
"ENSMUSG00000036751",492,365.81,766.646,8032,"Cox6b1","Cox6b1","Cox6b1","Cox6b1"
"ENSMUSG00000091537",672,489.01,764.354,10705.05,"Tma7","Tma7","Tma7","Tma7"
"ENSMUSG00000032383",907,808.11,756.938,17518.94,"Ppib","Ppib","Ppib","Ppib"
"ENSMUSG00000093904",957,797.42,749.666,17121.19,"Tomm20","Tomm20","Tomm20","Tomm20"
"ENSMUSG00000081485",192,66.8,749.352,1433.68,"Gm12338","Gm12338","Gm12338","Gm12338"
"ENSMUSG00000069972",453,327.81,739.746,6945.15,"Rps13-ps2","Rps13-ps2","Rps13-ps2","Rps13-ps2"
"ENSMUSG00000058546",560,439.4,735.42,9254.9,"Rpl23a","Rpl23a","Rpl23a","Rpl23a"
"ENSMUSG00000031622",1047,940.73,731.102,19698,"Sin3b","Sin3b","Sin3b","Sin3b"
"ENSMUSG00000064337",955,563.93,728.243,11762,"mt-Rnr1","mt-Rnr1","mt-Rnr1","mt-Rnr1"
"ENSMUSG00000062933",490,372.25,726.736,7747.99,"Gm10123","Gm10123","Gm10123","Gm10123"
"ENSMUSG00000021347",925,670.22,725.903,13934,"Prl7b1","Prl7b1","Prl7b1","Prl7b1"
"ENSMUSG00000059534",446,312.69,720.008,6448,"Uqcr10","Uqcr10","Uqcr10","Uqcr10"
"ENSMUSG00000079479",420,282.1,704.375,5690.96,"Gm9112","Gm9112","Gm9112","Gm9112"
"ENSMUSG00000081604",411,280.12,701.13,5624.96,"Gm11518","Gm11518","Gm11518","Gm11518"
"ENSMUSG00000049751",538,418.87,691.35,8293.74,"Rpl36al","Rpl36al","Rpl36al","Rpl36al"
"ENSMUSG00000030049",788,630.55,685.741,12384,"Gkn2","Gkn2","Gkn2","Gkn2"
"ENSMUSG00000049517",936,669.45,682.936,13094.22,"Rps23","Rps23","Rps23","Rps23"
"ENSMUSG00000064341",957,676.45,680.922,13192,"mt-Nd1","mt-Nd1","mt-Nd1","mt-Nd1"
"ENSMUSG00000073640",411,280.12,677.432,5434.84,"Rpl27-ps3","Rpl27-ps3","Rpl27-ps3","Rpl27-ps3"
"ENSMUSG00000081094",591,467.8,667.449,8942.39,"Rpl19-ps11","Rpl19-ps11","Rpl19-ps11","Rpl19-ps11"
"ENSMUSG00000042712",995,672.16,665.056,12803,"Tceal9","Tceal9","Tceal9","Tceal9"
"ENSMUSG00000041881",524,384.81,657.915,7251,"Ndufa7","Ndufa7","Ndufa7","Ndufa7"
"ENSMUSG00000078713",642,519.04,655.746,9748,"Tomm5","Tomm5","Tomm5","Tomm5"
"ENSMUSG00000106037",346,215.56,655.229,4045.16,"Gm4332","Gm4332","Gm4332","Gm4332"
"ENSMUSG00000018339",1594,1475.3,638.294,26970,"Gpx3","Gpx3","Gpx3","Gpx3"
"ENSMUSG00000081406",750,653.41,634.185,11868.16,"Rps6-ps4","Rps6-ps4","Rps6-ps4","Rps6-ps4"
"ENSMUSG00000061315",886,771.45,628.094,13877.58,"Naca","Naca","Naca","Naca"
"ENSMUSG00000032518",1086,983.69,624.856,17604.27,"Rpsa","Rpsa","Rpsa","Rpsa"
"ENSMUSG00000083380",390,255.31,624.702,4567.9,"Ndufb4c","Ndufb4c","Ndufb4c","Ndufb4c"
"ENSMUSG00000084416",654,536.59,623.823,9587.04,"Rpl10a-ps1","Rpl10a-ps1","Rpl10a-ps1","Rpl10a-ps1"
"ENSMUSG00000067288",380,241.06,619.284,4275.49,"Rps28","Rps28","Rps28","Rps28"
"ENSMUSG00000048583",1658,1530.4,615.822,26992.27,"Igf2","Igf2","Igf2","Igf2"
"ENSMUSG00000045128",540,406.31,607.659,7071.32,"Rpl18a","Rpl18a","Rpl18a","Rpl18a"
"ENSMUSG00000028234",905,718.62,606.601,12484.84,"Rps20","Rps20","Rps20","Rps20"
"ENSMUSG00000028773",823,714.91,606.261,12413.41,"Fabp3","Fabp3","Fabp3","Fabp3"
"ENSMUSG00000064373",2053,1694.85,606.043,29418,"Selenop","Selenop","Selenop","Selenop"
"ENSMUSG00000074884",833,706.05,602.802,12189.5,"Serf2","Serf2","Serf2","Serf2"
"ENSMUSG00000038717",546,403.85,592.107,6848.5,"Atp5l","Atp5l","Atp5l","Atp5l"
"ENSMUSG00000064345",1038,582.07,585.279,9757,"mt-Nd2","mt-Nd2","mt-Nd2","mt-Nd2"
"ENSMUSG00000026864",2307,2227.09,580.234,37010,"Hspa5","Hspa5","Hspa5","Hspa5"
"ENSMUSG00000025204",639,509.78,578.611,8447.93,"Ndufb8","Ndufb8","Ndufb8","Ndufb8"
"ENSMUSG00000044080",669,556.29,577.635,9203,"S100a1","S100a1","S100a1","S100a1"
"ENSMUSG00000030342",1226,953.6,571.484,15608,"Cd9","Cd9","Cd9","Cd9"
"ENSMUSG00000054428",537,405.75,570.871,6634,"Atpif1","Atpif1","Atpif1","Atpif1"
"ENSMUSG00000018593",2159,2117,570.263,34576,"Sparc","Sparc","Sparc","Sparc"
"ENSMUSG00000073676",774,566.72,566.781,9199.48,"Hspe1","Hspe1","Hspe1","Hspe1"
"ENSMUSG00000027907",511,394.62,566.291,6400.21,"S100a11","S100a11","S100a11","S100a11"
"ENSMUSG00000023175",1238,1129.7,561.951,18182,"Bsg","Bsg","Bsg","Bsg"
"ENSMUSG00000099250",300,150.16,558.518,2401.96,"","",NA,NA
"ENSMUSG00000042682",774,598.19,551.585,9450,"Selenok","Selenok","Selenok","Selenok"
"ENSMUSG00000079476",420,283.52,549.144,4459.04,"1700011M02Rik","1700011M02Rik","1700011M02Rik","1700011M02Rik"
"ENSMUSG00000019505",1493,1407.41,547.932,22086.44,"Ubb","Ubb","Ubb","Ubb"
"ENSMUSG00000000740",779,606.1,546.051,9478.88,"Rpl13","Rpl13","Rpl13","Rpl13"
"ENSMUSG00000060743",883,656.58,543.931,10228.43,"H3f3a","H3f3a","H3f3a","H3f3a"
"ENSMUSG00000021477",1891,1620.48,539.505,25039,"Ctsl","Ctsl","Ctsl","Ctsl"
"ENSMUSG00000022354",698,572.35,538.112,8820.97,"Ndufb9","Ndufb9","Ndufb9","Ndufb9"
"ENSMUSG00000029614",1059,977.16,537.786,15050.53,"Rpl6","Rpl6","Rpl6","Rpl6"
"ENSMUSG00000006360",457,318.85,536.356,4898,"Crip1","Crip1","Crip1","Crip1"
"ENSMUSG00000070493",921,725.72,529.497,11005.53,"Chchd2","Chchd2","Chchd2","Chchd2"
"ENSMUSG00000003970",856,717.66,528.848,10870,"Rpl8","Rpl8","Rpl8","Rpl8"
"ENSMUSG00000029664",1530,1048.65,525.311,15777,"Tfpi2","Tfpi2","Tfpi2","Tfpi2"
"ENSMUSG00000064370",1144,977.18,519.064,14527,"mt-Cytb","mt-Cytb","mt-Cytb","mt-Cytb"
"ENSMUSG00000028691",1217,1079.75,517.721,16010.2,"Prdx1","Prdx1","Prdx1","Prdx1"
"ENSMUSG00000062515",933,576.85,516.61,8535,"Fabp4","Fabp4","Fabp4","Fabp4"
"ENSMUSG00000003161",767,616.65,516.446,9121,"Sri","Sri","Sri","Sri"
"ENSMUSG00000021290",369,237.12,511.831,3476,"Atp5mpl","Atp5mpl","Atp5mpl","Atp5mpl"
"ENSMUSG00000028495",879,786.32,511.717,11524.1,"Rps6","Rps6","Rps6","Rps6"
"ENSMUSG00000003814",1835,1809.65,506.607,26257,"Calr","Calr","Calr","Calr"
"ENSMUSG00000101939",345,145,506.011,2101.39,"Gm28438","Gm28438","Gm28438","Gm28438"
"ENSMUSG00000096942",438,301.17,504.823,4354.48,"Rps19-ps6","Rps19-ps6","Rps19-ps6","Rps19-ps6"
"ENSMUSG00000014313",522,390.99,500.414,5603.61,"Cox6c","Cox6c","Cox6c","Cox6c"
"ENSMUSG00000074800",276,140.6,498.839,2008.8,"Gm4149","Gm4149","Gm4149","Gm4149"
"ENSMUSG00000017778",519,343.4,498.01,4897.97,"Cox7c","Cox7c","Cox7c","Cox7c"
"ENSMUSG00000019929",1752,1454.25,494.811,20609,"Dcn","Dcn","Dcn","Dcn"
"ENSMUSG00000086841",462,322.58,494.008,4564,"2410006H16Rik","2410006H16Rik","2410006H16Rik","2410006H16Rik"
"ENSMUSG00000063316",620,486.98,490.387,6839.55,"Rpl27","Rpl27","Rpl27","Rpl27"
"ENSMUSG00000087412",654,536.89,488.684,7514.31,"Gm15501","Gm15501","Gm15501","Gm15501"
"ENSMUSG00000018585",540,392.6,486.823,5474,"Atox1","Atox1","Atox1","Atox1"
"ENSMUSG00000022010",1729,1626.97,482.157,22467,"Tsc22d1","Tsc22d1","Tsc22d1","Tsc22d1"
"ENSMUSG00000012405",914,769.27,481.762,10614.3,"Rpl15","Rpl15","Rpl15","Rpl15"
"ENSMUSG00000071415",849,732.8,475.48,9979.29,"Rpl23","Rpl23","Rpl23","Rpl23"
"ENSMUSG00000029019",781,613.6,473.721,8325,"Nppb","Nppb","Nppb","Nppb"
"ENSMUSG00000094800",354,181.48,469.278,2439.11,"","",NA,NA
"ENSMUSG00000009013",663,502.09,468.424,6736,"Dynll1","Dynll1","Dynll1","Dynll1"
"ENSMUSG00000022205",709,475.82,467.431,6370,"Sub1","Sub1","Sub1","Sub1"
"ENSMUSG00000106918",496,369.82,465.437,4929.77,"Mrpl33","Mrpl33","Mrpl33","Mrpl33"
"ENSMUSG00000050335",1114,959.46,464.495,12764,"Lgals3","Lgals3","Lgals3","Lgals3"
"ENSMUSG00000042043",557,384.44,464.082,5109.73,"Tbca","Tbca","Tbca","Tbca"
"ENSMUSG00000031231",802,622.05,462.684,8243,"Cox7b","Cox7b","Cox7b","Cox7b"
"ENSMUSG00000059070",670,520.35,461.417,6876.53,"Rpl18","Rpl18","Rpl18","Rpl18"
"ENSMUSG00000021660",885,704.26,461.251,9303.59,"Btf3","Btf3","Btf3","Btf3"
"ENSMUSG00000008682",718,613.13,459.217,8063.92,"Rpl10","Rpl10","Rpl10","Rpl10"
"ENSMUSG00000003038",1168,965.55,458.415,12676.91,"Hmgn2","Hmgn2","Hmgn2","Hmgn2"
"ENSMUSG00000046364",718,604.05,455.542,7881,"Rpl27a","Rpl27a","Rpl27a","Rpl27a"
"ENSMUSG00000081344",171,49.86,449.628,642.09,"Gm14303","Gm14303","Gm14303","Gm14303"
"ENSMUSG00000020163",446,289.89,447.938,3719,"Uqcr11","Uqcr11","Uqcr11","Uqcr11"
"ENSMUSG00000054932",2016,1983.03,446.009,25331,"Afp","Afp","Afp","Afp"
"ENSMUSG00000027447",860,721.88,445.469,9210,"Cst3","Cst3","Cst3","Cst3"
"ENSMUSG00000053317",561,368.34,444.132,4685.34,"Sec61b","Sec61b","Sec61b","Sec61b"
"ENSMUSG00000024208",500,356.79,442.428,4521,"Uqcc2","Uqcc2","Uqcc2","Uqcc2"
"ENSMUSG00000032575",804,703.92,440.515,8881,"Manf","Manf","Manf","Manf"
"ENSMUSG00000036438",1146,921.59,437.327,11543.17,"Calm2","Calm2","Calm2","Calm2"
"ENSMUSG00000061167",615,495.12,436.631,6191.6,"Rpl15-ps3","Rpl15-ps3","Rpl15-ps3","Rpl15-ps3"
"ENSMUSG00000050856",372,236.59,433.284,2936,"Atp5k","Atp5k","Atp5k","Atp5k"
"ENSMUSG00000004542",1000,917.63,431.09,11329.56,"Psg19","Psg19","Psg19","Psg19"
"ENSMUSG00000044627",702,593.62,430.788,7324,"Swi5","Swi5","Swi5","Swi5"
"ENSMUSG00000067719",309,175.65,430.587,2166.2,"Gm10221","Gm10221","Gm10221","Gm10221"
"ENSMUSG00000022890",701,502.46,428.956,6173,"Atp5j","Atp5j","Atp5j","Atp5j"
"ENSMUSG00000050777",1311,1154.59,428.511,14170,"Tmem37","Tmem37","Tmem37","Tmem37"
"ENSMUSG00000037805",790,656.44,426.772,8023.62,"Rpl10a","Rpl10a","Rpl10a","Rpl10a"
"ENSMUSG00000105388",321,190.25,425.591,2318.99,"Rpl36a-ps2","Rpl36a-ps2","Rpl36a-ps2","Rpl36a-ps2"
"ENSMUSG00000029390",2012,1631.32,425.339,19872.55,"Tmed2","Tmed2","Tmed2","Tmed2"
"ENSMUSG00000025283",1137,998.19,424.597,12138.63,"Sat1","Sat1","Sat1","Sat1"
"ENSMUSG00000046516",462,279.79,424.418,3401,"Cox17","Cox17","Cox17","Cox17"
"ENSMUSG00000058600",541,416.84,423.837,5059.9,"Rpl30","Rpl30","Rpl30","Rpl30"
"ENSMUSG00000033379",926,810.92,420.453,9765,"Atp6v0b","Atp6v0b","Atp6v0b","Atp6v0b"
"ENSMUSG00000006589",729,586.16,419.766,7047,"Aprt","Aprt","Aprt","Aprt"
"ENSMUSG00000110841",728,604.64,417.299,7226.42,"Gpx4-ps2","Gpx4-ps2","Gpx4-ps2","Gpx4-ps2"
"ENSMUSG00000060143",383,244.71,416.505,2919.16,"Gm10076","Gm10076","Gm10076","Gm10076"
"ENSMUSG00000055839",530,381.66,415.494,4541.69,"Elob","Elob","Elob","Elob"
"ENSMUSG00000073888",431,283.63,415.304,3373.64,"Ccl27a","Ccl27a","Ccl27a","Ccl27a"
"ENSMUSG00000072674",514,366.57,414.945,4356.42,"","",NA,NA
"ENSMUSG00000107176",423,294.45,413.921,3490.71,"Gm9794","Gm9794","Gm9794","Gm9794"
"ENSMUSG00000021917",704,539.75,413.493,6392,"Spcs1","Spcs1","Spcs1","Spcs1"
"ENSMUSG00000060962",671,566.37,409.162,6637,"Dmkn","Dmkn","Dmkn","Dmkn"
"ENSMUSG00000098234",463,252.64,408.804,2958,"Snhg6","Snhg6","Snhg6","Snhg6"
"ENSMUSG00000058838",467,347.32,408.653,4065.02,"Rps27a-ps2","Rps27a-ps2","Rps27a-ps2","Rps27a-ps2"
"ENSMUSG00000043770",297,154.98,408.039,1811.21,"Gm12481","Gm12481","Gm12481","Gm12481"
"ENSMUSG00000020390",1102,809.15,407.821,9451,"Ube2b","Ube2b","Ube2b","Ube2b"
"ENSMUSG00000072692",345,211.5,405.902,2458.69,"Rpl37rt","Rpl37rt","Rpl37rt","Rpl37rt"
"ENSMUSG00000055679",1414,1322.18,402.585,15245,"Ctsr","Ctsr","Ctsr","Ctsr"
"ENSMUSG00000072944",1608,1338.18,401.502,15388,"Nup62cl","Nup62cl","Nup62cl","Nup62cl"
"ENSMUSG00000027248",2738,2590.12,399.113,29607,"Pdia3","Pdia3","Pdia3","Pdia3"
"ENSMUSG00000113902",712,503.14,398.467,5742,"Ndufb1","Ndufb1","Ndufb1","Ndufb1"
"ENSMUSG00000018102",1156,671,398.237,7653.18,"H2bc4","H2bc4","H2bc4","H2bc4"
"ENSMUSG00000090137",536,387.07,396.465,4395.11,"Uba52","Uba52","Uba52","Uba52"
"ENSMUSG00000032330",606,467.88,395.444,5299,"Cox7a2","Cox7a2","Cox7a2","Cox7a2"
"ENSMUSG00000025289",991,873.31,395.051,9881,"Prdx4","Prdx4","Prdx4","Prdx4"
"ENSMUSG00000031422",1819,1680.96,394.974,19015.39,"Morf4l2","Morf4l2","Morf4l2","Morf4l2"
"ENSMUSG00000066315",636,465.42,394.718,5261.51,"Gm12918","Gm12918","Gm12918","Gm12918"
"ENSMUSG00000024048",910,775.63,393.918,8750.58,"Myl12a","Myl12a","Myl12a","Myl12a"
"ENSMUSG00000080921",213,85.02,390.05,949.78,"Rpl38-ps2","Rpl38-ps2","Rpl38-ps2","Rpl38-ps2"
"ENSMUSG00000057278",510,377.68,389.664,4214.94,"Snrpg","Snrpg","Snrpg","Snrpg"
"ENSMUSG00000027643",516,381.54,388.012,4240,"Ghrh","Ghrh","Ghrh","Ghrh"
"ENSMUSG00000057722",1257,1071.17,386.424,11855,"Lepr","Lepr","Lepr","Lepr"
"ENSMUSG00000064363",1378,838.73,385.749,9266.28,"mt-Nd4","mt-Nd4","mt-Nd4","mt-Nd4"
"ENSMUSG00000027082",1425,1153.63,384.589,12707,"Tfpi","Tfpi","Tfpi","Tfpi"
"ENSMUSG00000006488",948,728.28,384.405,8018,"Prl7a1","Prl7a1","Prl7a1","Prl7a1"
"ENSMUSG00000021939",2720,2754.62,383.442,30251,"Ctsb","Ctsb","Ctsb","Ctsb"
"ENSMUSG00000041697",575,403.06,382.892,4419.99,"Cox6a1","Cox6a1","Cox6a1","Cox6a1"
"ENSMUSG00000027566",915,810.46,381.399,8853,"Psma7","Psma7","Psma7","Psma7"
"ENSMUSG00000034566",623,516.83,378.531,5603.13,"Atp5h","Atp5h","Atp5h","Atp5h"
"ENSMUSG00000008789",3273,3280.72,378.487,35563.05,"Ceacam5","Ceacam5","Ceacam5","Ceacam5"
"ENSMUSG00000022884",1648,1381.28,373.043,14757.78,"Eif4a2","Eif4a2","Eif4a2","Eif4a2"
"ENSMUSG00000044408",1342,838.69,372.06,8937,"Sptssa","Sptssa","Sptssa","Sptssa"
"ENSMUSG00000028367",1051,804.21,371.079,8547,"Txn1","Txn1","Txn1","Txn1"
"ENSMUSG00000050608",612,490.36,368.554,5176,"Micos10","Micos10","Micos10","Micos10"
"ENSMUSG00000049124",231,101.12,368.104,1066.06,"Gm8186","Gm8186","Gm8186","Gm8186"
"ENSMUSG00000039016",518,379.95,366.384,3987,"Timm8b","Timm8b","Timm8b","Timm8b"
"ENSMUSG00000068523",604,405.12,366.34,4250.53,"Gng5","Gng5","Gng5","Gng5"
"ENSMUSG00000070799",2086,2042.97,364.192,21309.35,"Psg26","Psg26","Psg26","Psg26"
"ENSMUSG00000038690",664,551.82,362.495,5729,"Atp5j2","Atp5j2","Atp5j2","Atp5j2"
"ENSMUSG00000025794",804,688.79,360.948,7120.53,"Rpl14","Rpl14","Rpl14","Rpl14"
"ENSMUSG00000032083",1026,896.33,357.95,9189,"Apoa1","Apoa1","Apoa1","Apoa1"
"ENSMUSG00000019756",866,686.38,357.816,7034,"Prl8a1","Prl8a1","Prl8a1","Prl8a1"
"ENSMUSG00000028111",1512,1467.9,357.483,15029,"Ctsk","Ctsk","Ctsk","Ctsk"
"ENSMUSG00000108558",1943,1913.97,355.821,19505,"Psg-ps1","Psg-ps1","Psg-ps1","Psg-ps1"
"ENSMUSG00000030291",812,605.17,354.829,6150,"Med21","Med21","Med21","Med21"
"ENSMUSG00000035242",977,815.69,352.28,8229.85,"Oaz1","Oaz1","Oaz1","Oaz1"
"ENSMUSG00000068396",354,221.05,351.64,2226.22,"Rpl34-ps1","Rpl34-ps1","Rpl34-ps1","Rpl34-ps1"
"ENSMUSG00000022051",1436,1188.59,351.435,11963.42,"Bnip3l","Bnip3l","Bnip3l","Bnip3l"
"ENSMUSG00000042842",1811,1650.6,345.498,16333,"Serpinb6b","Serpinb6b","Serpinb6b","Serpinb6b"
"ENSMUSG00000090553",505,352.8,344.553,3481.45,"Snrpe","Snrpe","Snrpe","Snrpe"
"ENSMUSG00000078784",459,224.82,344.342,2217.19,"Rbis","Rbis","Rbis","Rbis"
"ENSMUSG00000035491",835,718.1,341.622,7026,"Fthl17a","Fthl17a","Fthl17a","Fthl17a"
"ENSMUSG00000060073",883,723.71,340.092,7049.2,"Psma3","Psma3","Psma3","Psma3"
"ENSMUSG00000038803",644,521.83,339.234,5070,"Ost4","Ost4","Ost4","Ost4"
"ENSMUSG00000015932",1911,1622.52,338.694,15739,"Dstn","Dstn","Dstn","Dstn"
"ENSMUSG00000026238",1210,830.56,338.65,8055.68,"Ptma","Ptma","Ptma","Ptma"
"ENSMUSG00000024516",875,708.59,338.225,6864,"Sec11c","Sec11c","Sec11c","Sec11c"
"ENSMUSG00000078566",1566,1197.84,333.506,11441.42,"Bnip3","Bnip3","Bnip3","Bnip3"
"ENSMUSG00000045996",495,229.21,330.212,2167.72,"Polr2k","Polr2k","Polr2k","Polr2k"
"ENSMUSG00000038900",766,604.14,330.179,5712.99,"Rpl12","Rpl12","Rpl12","Rpl12"
"ENSMUSG00000052681",2720,1826.39,329.698,17246,"Rap1b","Rap1b","Rap1b","Rap1b"
"ENSMUSG00000004285",703,574.97,327.634,5395.27,"Atp6v1f","Atp6v1f","Atp6v1f","Atp6v1f"
"ENSMUSG00000041084",1067,868.77,324.534,8075,"Ostc","Ostc","Ostc","Ostc"
"ENSMUSG00000058558",1298,1145.09,323.168,10598.57,"Rpl5","Rpl5","Rpl5","Rpl5"
"ENSMUSG00000060802",860,546.82,322.836,5056,"B2m","B2m","B2m","B2m"
"ENSMUSG00000064354",684,472.83,319.976,4333.15,"mt-Co2","mt-Co2","mt-Co2","mt-Co2"
"ENSMUSG00000026421",1823,1746.41,319.366,15974,"Csrp1","Csrp1","Csrp1","Csrp1"
"ENSMUSG00000024990",936,813.07,318.894,7426,"Rbp4","Rbp4","Rbp4","Rbp4"
"ENSMUSG00000021024",1032,943.21,318.688,8609,"Psma6","Psma6","Psma6","Psma6"
"ENSMUSG00000041841",583,449.51,318.648,4102.31,"Rpl37","Rpl37","Rpl37","Rpl37"
"ENSMUSG00000099764",496,341.85,316.418,3098,"Rps10-ps2","Rps10-ps2","Rps10-ps2","Rps10-ps2"
"ENSMUSG00000031950",1252,1075.94,316.153,9742.31,"Gabarapl2","Gabarapl2","Gabarapl2","Gabarapl2"
"ENSMUSG00000020571",2096,1978.07,311.442,17644,"Pdia6","Pdia6","Pdia6","Pdia6"
"ENSMUSG00000031839",1022,902.29,311.278,8044,"Hsbp1","Hsbp1","Hsbp1","Hsbp1"
"ENSMUSG00000094392",136,28.69,311.149,255.65,"Gm3788","Gm3788","Gm3788","Gm3788"
"ENSMUSG00000016559",1771,1227.67,310.722,10925.28,"H3f3b","H3f3b","H3f3b","H3f3b"
"ENSMUSG00000031812",1136,1021.47,309.026,9040.61,"Map1lc3b","Map1lc3b","Map1lc3b","Map1lc3b"
"ENSMUSG00000046721",653,534.56,308.914,4729.47,"Rpl14-ps1","Rpl14-ps1","Rpl14-ps1","Rpl14-ps1"
"ENSMUSG00000066362",538,414.73,308.035,3658.86,"Rps13-ps1","Rps13-ps1","Rps13-ps1","Rps13-ps1"
"ENSMUSG00000021764",605,479.66,306.384,4209,"Ndufs4","Ndufs4","Ndufs4","Ndufs4"
"ENSMUSG00000079435",485,362.88,305.275,3172.77,"Rpl36a","Rpl36a","Rpl36a","Rpl36a"
"ENSMUSG00000018770",721,568.48,302.673,4928,"Atp5g3","Atp5g3","Atp5g3","Atp5g3"
"ENSMUSG00000046432",859,737.45,300.082,6337.98,"Bex3","Bex3","Bex3","Bex3"
"ENSMUSG00000024646",828,691.42,298.852,5918,"Cyb5a","Cyb5a","Cyb5a","Cyb5a"
"ENSMUSG00000095180",754,644.61,298.563,5512,"Rhox5","Rhox5","Rhox5","Rhox5"
"ENSMUSG00000035885",550,383.68,298.394,3279,"Cox8a","Cox8a","Cox8a","Cox8a"
"ENSMUSG00000086922",685,549.37,297.238,4676.8,"Gm13835","Gm13835","Gm13835","Gm13835"
"ENSMUSG00000075486",904,678.83,296.165,5758,"Commd6","Commd6","Commd6","Commd6"
"ENSMUSG00000051234",1189,941.9,296.14,7988.8,"Rnf7","Rnf7","Rnf7","Rnf7"
"ENSMUSG00000060036",1362,1306.2,295.36,11049.43,"Rpl3","Rpl3","Rpl3","Rpl3"
"ENSMUSG00000070394",478,343.2,292.186,2872,"Tmem256","Tmem256","Tmem256","Tmem256"
"ENSMUSG00000113948",556,443.55,291.763,3706.38,"Rpl17-ps3","Rpl17-ps3","Rpl17-ps3","Rpl17-ps3"
"ENSMUSG00000021520",536,394.64,289.646,3273.79,"Uqcrb","Uqcrb","Uqcrb","Uqcrb"
"ENSMUSG00000026049",1058,770.47,287.394,6341.84,"Tex30","Tex30","Tex30","Tex30"
"ENSMUSG00000022312",1290,1218.81,286.531,10002.02,"Eif3h","Eif3h","Eif3h","Eif3h"
"ENSMUSG00000024659",1580,1459.91,286.518,11980,"Anxa1","Anxa1","Anxa1","Anxa1"
"ENSMUSG00000049760",600,472.84,286.511,3880,"Micos13","Micos13","Micos13","Micos13"
"ENSMUSG00000060904",2078,1569.72,285.714,12844.94,"Arl1","Arl1","Arl1","Arl1"
"ENSMUSG00000058603",414,280.47,284.235,2283.18,"Rpl28-ps1","Rpl28-ps1","Rpl28-ps1","Rpl28-ps1"
"ENSMUSG00000028645",2277,2136.96,283.481,17350,"Slc2a1","Slc2a1","Slc2a1","Slc2a1"
"ENSMUSG00000044533",979,827.54,281.052,6661.21,"Rps2","Rps2","Rps2","Rps2"
"ENSMUSG00000023043",1437,1331.77,279.689,10668,"Krt18","Krt18","Krt18","Krt18"
"ENSMUSG00000022018",918,670.65,279.213,5363,"Rgcc","Rgcc","Rgcc","Rgcc"
"ENSMUSG00000021361",914,808.24,277.817,6431,"Tmem14c","Tmem14c","Tmem14c","Tmem14c"
"ENSMUSG00000020585",1773,1592.46,277.338,12649,"Laptm4a","Laptm4a","Laptm4a","Laptm4a"
"ENSMUSG00000062647",912,811.18,276.843,6431.73,"Rpl7a","Rpl7a","Rpl7a","Rpl7a"
"ENSMUSG00000021242",3067,3112.06,275.427,24549,"Npc2","Npc2","Npc2","Npc2"
"ENSMUSG00000079018",798,702.7,273.346,5501.27,"Ly6c1","Ly6c1","Ly6c1","Ly6c1"
"ENSMUSG00000080848",472,352.4,271.483,2740.04,"Gm9385","Gm9385","Gm9385","Gm9385"
"ENSMUSG00000025393",1009,891.17,271.006,6917,"Atp5b","Atp5b","Atp5b","Atp5b"
"ENSMUSG00000067847",525,339.48,270.186,2627,"Romo1","Romo1","Romo1","Romo1"
"ENSMUSG00000043483",636,527.78,268.998,4066.15,"Gm6863","Gm6863","Gm6863","Gm6863"
"ENSMUSG00000037499",742,520.17,268.898,4006,"Nenf","Nenf","Nenf","Nenf"
"ENSMUSG00000083097",435,310.89,266.937,2376.79,"Gm14494","Gm14494","Gm14494","Gm14494"
"ENSMUSG00000065947",297,151.78,266.62,1159,"mt-Nd4l","mt-Nd4l","mt-Nd4l","mt-Nd4l"
"ENSMUSG00000030057",1619,1377.08,265.72,10480,"Cnbp","Cnbp","Cnbp","Cnbp"
"ENSMUSG00000031320",958,880.45,265.351,6691.21,"Rps4x","Rps4x","Rps4x","Rps4x"
"ENSMUSG00000035674",421,292.32,262.894,2201,"Ndufa3","Ndufa3","Ndufa3","Ndufa3"
"ENSMUSG00000022982",663,535.27,262.745,4028,"Sod1","Sod1","Sod1","Sod1"
"ENSMUSG00000061518",749,508.47,261.738,3811.66,"Cox5b","Cox5b","Cox5b","Cox5b"
"ENSMUSG00000117098",646,527.78,261.244,3948.89,"Gm49909","Gm49909","Gm49909","Gm49909"
"ENSMUSG00000078578",1767,1270.32,260.543,9479.2,"Ube2d3","Ube2d3","Ube2d3","Ube2d3"
"ENSMUSG00000024953",850,717.58,253.943,5219,"Prdx5","Prdx5","Prdx5","Prdx5"
"ENSMUSG00000071766",850,759.39,252.375,5489,"Rhox12","Rhox12","Rhox12","Rhox12"
"ENSMUSG00000002416",483,326.24,251.949,2354.11,"Ndufb2","Ndufb2","Ndufb2","Ndufb2"
"ENSMUSG00000000031",2082,2018.32,251.482,14537,"H19","H19","H19","H19"
"ENSMUSG00000094627",273,140.35,251.044,1009.14,"Gm10182","Gm10182","Gm10182","Gm10182"
"ENSMUSG00000016427",419,274.78,250.709,1973,"Ndufa1","Ndufa1","Ndufa1","Ndufa1"
"ENSMUSG00000079658",740,425.08,247.078,3008,"Eloc","Eloc","Eloc","Eloc"
"ENSMUSG00000029465",855,750.47,245.978,5287,"Arpc3","Arpc3","Arpc3","Arpc3"
"ENSMUSG00000022108",1501,1187.68,245.917,8365,"Itm2b","Itm2b","Itm2b","Itm2b"
"ENSMUSG00000090000",779,533.54,245.302,3748.39,"Ier3ip1","Ier3ip1","Ier3ip1","Ier3ip1"
"ENSMUSG00000022956",834,725.52,244.161,5073.47,"Atp5o","Atp5o","Atp5o","Atp5o"
"ENSMUSG00000038722",840,734.04,243.778,5125,"Bud31","Bud31","Bud31","Bud31"
"ENSMUSG00000015656",2207,2215.52,238.865,15156.76,"Hspa8","Hspa8","Hspa8","Hspa8"
"ENSMUSG00000025467",620,498.24,238.684,3406,"Prap1","Prap1","Prap1","Prap1"
"ENSMUSG00000091955",485,345.3,238.629,2359.94,"Gm9844","Gm9844","Gm9844","Gm9844"
"ENSMUSG00000026021",1202,936.56,236.361,6340.03,"Sumo1","Sumo1","Sumo1","Sumo1"
"ENSMUSG00000040681",1653,1511.6,236.187,10225.18,"Hmgn1","Hmgn1","Hmgn1","Hmgn1"
"ENSMUSG00000049382",1958,1846.37,235.696,12463.81,"Krt8","Krt8","Krt8","Krt8"
"ENSMUSG00000001627",959,792.22,235.351,5340,"Ifrd1","Ifrd1","Ifrd1","Ifrd1"
"ENSMUSG00000023861",950,630.26,235.251,4246.49,"Mpc1","Mpc1","Mpc1","Mpc1"
"ENSMUSG00000001175",1891,1708.3,234.986,11497,"Calm1","Calm1","Calm1","Calm1"
"ENSMUSG00000071014",657,451.85,234.757,3038,"Ndufb6","Ndufb6","Ndufb6","Ndufb6"
"ENSMUSG00000054091",1160,764.58,234.68,5139,"1810037I17Rik","1810037I17Rik","1810037I17Rik","1810037I17Rik"
"ENSMUSG00000018286",789,673.29,231.964,4473,"Psmb6","Psmb6","Psmb6","Psmb6"
"ENSMUSG00000099021",300,150.16,231.824,996.98,"","",NA,NA
"ENSMUSG00000001105",919,749.5,231.109,4961,"Ift20","Ift20","Ift20","Ift20"
"ENSMUSG00000050071",857,688.41,230.507,4544.75,"Bex1","Bex1","Bex1","Bex1"
"ENSMUSG00000021996",1010,929.62,230.289,6131.39,"Esd","Esd","Esd","Esd"
"ENSMUSG00000032060",838,718.59,230.264,4739,"Cryab","Cryab","Cryab","Cryab"
"ENSMUSG00000025630",1289,995.65,230.048,6560,"Hprt","Hprt","Hprt","Hprt"
"ENSMUSG00000015441",919,832.69,229.155,5465,"Gzmf","Gzmf","Gzmf","Gzmf"
"ENSMUSG00000061559",1192,1081.7,228.533,7080,"Wdr61","Wdr61","Wdr61","Wdr61"
"ENSMUSG00000002015",1219,1166.05,227.75,7606,"Bcap31","Bcap31","Bcap31","Bcap31"
"ENSMUSG00000003955",570,445.76,227.155,2900,"Fam162a","Fam162a","Fam162a","Fam162a"
"ENSMUSG00000113061",607,487.04,226.985,3166.22,"Rps18-ps5","Rps18-ps5","Rps18-ps5","Rps18-ps5"
"ENSMUSG00000032399",1503,1434.74,226.785,9318.91,"Rpl4","Rpl4","Rpl4","Rpl4"
"ENSMUSG00000070436",2165,1990.46,226.374,12905,"Serpinh1","Serpinh1","Serpinh1","Serpinh1"
"ENSMUSG00000030304",1043,827.75,225.629,5349,"Ergic2","Ergic2","Ergic2","Ergic2"
"ENSMUSG00000033938",628,472.44,225.336,3049,"Ndufb7","Ndufb7","Ndufb7","Ndufb7"
"ENSMUSG00000039105",1135,927.76,224.698,5970.51,"Atp6v1g1","Atp6v1g1","Atp6v1g1","Atp6v1g1"
"ENSMUSG00000033916",929,826.14,224.674,5316,"Chmp2a","Chmp2a","Chmp2a","Chmp2a"
"ENSMUSG00000081087",392,266.25,224.298,1710.36,"Rps15a-ps7","Rps15a-ps7","Rps15a-ps7","Rps15a-ps7"
"ENSMUSG00000026511",1090,798.68,223.854,5120.54,"Srp9","Srp9","Srp9","Srp9"
"ENSMUSG00000025362",664,536.83,223.199,3431.67,"Rps26","Rps26","Rps26","Rps26"
"ENSMUSG00000016194",1406,1298.86,222.958,8294,"Hsd11b1","Hsd11b1","Hsd11b1","Hsd11b1"
"ENSMUSG00000022193",897,768.4,222.952,4906.53,"Psmb5","Psmb5","Psmb5","Psmb5"
"ENSMUSG00000032231",1443,1394.74,222.877,8903,"Anxa2","Anxa2","Anxa2","Anxa2"
"ENSMUSG00000029616",1087,934.02,219.958,5884,"Erp29","Erp29","Erp29","Erp29"
"ENSMUSG00000005873",681,539.52,218.74,3380,"Reep5","Reep5","Reep5","Reep5"
"ENSMUSG00000050732",828,712.38,218.008,4448,"Vamp8","Vamp8","Vamp8","Vamp8"
"ENSMUSG00000019362",616,478.27,216.602,2967,"D8Ertd738e","D8Ertd738e","D8Ertd738e","D8Ertd738e"
"ENSMUSG00000014294",572,435.48,216.241,2697,"Ndufa2","Ndufa2","Ndufa2","Ndufa2"
"ENSMUSG00000031765",561,412.32,213.565,2522,"Mt1","Mt1","Mt1","Mt1"
"ENSMUSG00000028478",1075,888.6,212.575,5410,"Clta","Clta","Clta","Clta"
"ENSMUSG00000002308",1091,998.57,211.613,6052,"Cd320","Cd320","Cd320","Cd320"
"ENSMUSG00000046718",792,659.35,210.971,3984,"Bst2","Bst2","Bst2","Bst2"
"ENSMUSG00000062753",694,558.06,210.225,3360,"Smim29","Smim29","Smim29","Smim29"
"ENSMUSG00000000563",1347,1155.51,209.558,6935.2,"Atp5pb","Atp5pb","Atp5pb","Atp5pb"
"ENSMUSG00000024725",1245,1038.15,208.791,6208,"Ostf1","Ostf1","Ostf1","Ostf1"
"ENSMUSG00000078974",689,533.5,208.694,3188.76,"Sec61g","Sec61g","Sec61g","Sec61g"
"ENSMUSG00000031167",1233,838.47,205.96,4945.96,"Rbm3","Rbm3","Rbm3","Rbm3"
"ENSMUSG00000051257",1178,1053.82,205.521,6203,"Trap1a","Trap1a","Trap1a","Trap1a"
"ENSMUSG00000024248",1076,968.86,204.89,5685.37,"Cox7a2l","Cox7a2l","Cox7a2l","Cox7a2l"
"ENSMUSG00000009549",787,660.36,204.726,3872,"Srp14","Srp14","Srp14","Srp14"
"ENSMUSG00000032381",1240,1052.37,204.644,6168,"Ciao2a","Ciao2a","Ciao2a","Ciao2a"
"ENSMUSG00000037058",1342,1111.08,204.043,6493,"Paip2","Paip2","Paip2","Paip2"
"ENSMUSG00000063787",610,469.82,204.002,2745,"Chchd1","Chchd1","Chchd1","Chchd1"
"ENSMUSG00000035227",1136,994.73,203.887,5808.63,"Spcs2","Spcs2","Spcs2","Spcs2"
"ENSMUSG00000075602",880,797.22,202.963,4634.17,"Ly6a","Ly6a","Ly6a","Ly6a"
"ENSMUSG00000022338",593,398.23,202.71,2312,"Eny2","Eny2","Eny2","Eny2"
"ENSMUSG00000047843",955,709.32,202.576,4115.37,"Bri3","Bri3","Bri3","Bri3"
"ENSMUSG00000031799",2156,2022.69,202.379,11723.97,"Tpm4","Tpm4","Tpm4","Tpm4"
"ENSMUSG00000036309",1383,1093.12,201.647,6313,"Skp1","Skp1","Skp1","Skp1"
"ENSMUSG00000021606",584,447.13,201.624,2582,"Ndufs6","Ndufs6","Ndufs6","Ndufs6"
"ENSMUSG00000005161",1010,915.72,201.584,5286.84,"Prdx2","Prdx2","Prdx2","Prdx2"
"ENSMUSG00000057170",871,772.68,201.451,4458.07,"Prl3d1","Prl3d1","Prl3d1","Prl3d1"
"ENSMUSG00000037664",1568,1144.3,201.445,6602,"Cdkn1c","Cdkn1c","Cdkn1c","Cdkn1c"
"ENSMUSG00000028648",524,399.11,200.859,2295.94,"Ndufs5","Ndufs5","Ndufs5","Ndufs5"
"ENSMUSG00000020386",1201,916.46,199.102,5226,"Sar1b","Sar1b","Sar1b","Sar1b"
"ENSMUSG00000027533",993,806.64,199.036,4598.23,"Fabp5","Fabp5","Fabp5","Fabp5"
"ENSMUSG00000022450",569,407.5,198.786,2320,"Ndufa6","Ndufa6","Ndufa6","Ndufa6"
"ENSMUSG00000029642",1162,981.57,198.582,5582.65,"Polr1d","Polr1d","Polr1d","Polr1d"
"ENSMUSG00000087687",547,427.86,198.546,2433,"Pet100","Pet100","Pet100","Pet100"
"ENSMUSG00000009596",1549,1370.13,198.185,7777,"Taf7l","Taf7l","Taf7l","Taf7l"
"ENSMUSG00000020803",966,667.69,197.617,3779,"Txndc17","Txndc17","Txndc17","Txndc17"
"ENSMUSG00000078812",1299,1187.22,197.043,6699.97,"Eif5a","Eif5a","Eif5a","Eif5a"
"ENSMUSG00000064016",1040,962.31,195.094,5377,"Gm648","Gm648","Gm648","Gm648"
"ENSMUSG00000029580",1900,1653.68,194.511,9212.41,"Actb","Actb","Actb","Actb"
"ENSMUSG00000002233",1124,973.32,194.251,5415,"Rhoc","Rhoc","Rhoc","Rhoc"
"ENSMUSG00000029076",1646,1567.67,192.656,8650,"Sdf4","Sdf4","Sdf4","Sdf4"
"ENSMUSG00000022400",749,640.56,192.555,3532.6,"Rbx1","Rbx1","Rbx1","Rbx1"
"ENSMUSG00000025510",1601,1545.22,192.495,8519,"Cd151","Cd151","Cd151","Cd151"
"ENSMUSG00000021905",737,609.18,192.41,3357,"Dph3","Dph3","Dph3","Dph3"
"ENSMUSG00000029430",1688,1504.14,192.38,8287.6,"","","Ran","Ran"
